Plot 100,Township Extension, Gaborone,25.9175024942657,-24.65100344193142
Plot 100,International Commerce Park, Gaborone,25.88555304596546,-24.69262957751852
Plot 101,Township Extension, Gaborone,25.91773449471879,-24.65124195262657
Plot 101,International Commerce Park, Gaborone,25.88529929401964,-24.69301058009933
Plot 102,Township Extension, Gaborone,25.91796582536241,-24.6514381327136
Plot 102,International Commerce Park, Gaborone,25.88499672853889,-24.6934266766959
Plot 103,Township Extension, Gaborone,25.91825956857269,-24.65181973902531
Plot 103,International Commerce Park, Gaborone,25.88473651425659,-24.6938023379252
Plot 104,International Commerce Park, Gaborone,25.8844850716147,-24.69416831446199
NO_RESULTS,NO_RESULTS, NO_RESULTS,0.0,0.0
NO_RESULTS,NO_RESULTS, NO_RESULTS,0.0,0.0
Plot 107,Township Extension, Gaborone,25.91868250887857,-24.65253854765149
Plot 107,International Finance/Mellinium Park, Gaborone,25.88059206092121,-24.68985468566755
Plot 108,Township Extension, Gaborone,25.9188030917157,-24.65286078693235
Plot 108,International Finance/Mellinium Park, Gaborone,25.87960744262783,-24.69056984961807
Plot 109,Township Extension, Gaborone,25.91886864200518,-24.65311226014106
Plot 109,International Finance/Mellinium Park, Gaborone,25.87950945417732,-24.69069857568965
Plot 110,Township Extension, Gaborone,25.9189011060277,-24.65342023386788
Plot 110,International Finance/Mellinium Park, Gaborone,25.87913936263657,-24.69122345151491
Plot 111,Township Extension, Gaborone,25.91890676739288,-24.65377068755411
Plot 111,International Finance/Mellinium Park, Gaborone,25.87905232153796,-24.69136212191802
Plot 112,Township Extension, Gaborone,25.91890554425969,-24.65405645638871
Plot 112,International Finance/Mellinium Park, Gaborone,25.87865922738263,-24.69186764189055
Plot 113,Township Extension, Gaborone,25.91890709279255,-24.65435945689437
Plot 114,Township Extension, Gaborone,25.91809273928091,-24.65436381445115
Plot 115,Township Extension, Gaborone,25.91803273346903,-24.65404957234727
Plot 115,International Finance/Mellinium Park, Gaborone,25.87798556225351,-24.69286926802329
Plot 116,Township Extension, Gaborone,25.91803145073972,-24.65377085453139
Plot 116,International Finance/Mellinium Park, Gaborone,25.87808194382302,-24.69247216465324
Plot 117,Township Extension, Gaborone,25.9180254633873,-24.65346798626451
Plot 117,International Finance/Mellinium Park, Gaborone,25.878314513811,-24.69212659069988
Plot 118,Township Extension, Gaborone,25.91802782802819,-24.65321043912937
Plot 118,International Finance/Mellinium Park, Gaborone,25.87854494795389,-24.69176980876285
Plot 119,Township Extension, Gaborone,25.91793258924943,-24.65302076570439
Plot 119,International Finance/Mellinium Park, Gaborone,25.87888114936976,-24.69129361871153
Plot 120,International Finance/Mellinium Park, Gaborone,25.87900206127854,-24.69110333637077
Plot 121,Township Extension, Gaborone,25.91706154877088,-24.65389907899548
Plot 121,International Finance/Mellinium Park, Gaborone,25.87934108233123,-24.69063774578273
Plot 122,Township Extension, Gaborone,25.91705918510122,-24.65366604903366
Plot 122,International Finance/Mellinium Park, Gaborone,25.87948167031465,-24.69045752793484
Plot 123,Township Extension, Gaborone,25.91703085401189,-24.65347150587435
Plot 123,International Finance/Mellinium Park, Gaborone,25.87929110506577,-24.68972370327053
Plot 124,Township Extension, Gaborone,25.91682427890573,-24.65328449226294
Plot 124,International Finance/Mellinium Park, Gaborone,25.87961404733112,-24.68930027393469
Plot 125,Township Extension, Gaborone,25.91752068075466,-24.65279100751872
Plot 125,International Finance/Mellinium Park, Gaborone,25.87938048795642,-24.68918352249396
Plot 126,Township Extension, Gaborone,25.91771858401761,-24.6529616310322
Plot 126,International Finance/Mellinium Park, Gaborone,25.87909383088292,-24.68960018752089
Plot 127,Township Extension, Gaborone,25.91791821866838,-24.65327507507502
Plot 127,International Finance/Mellinium Park, Gaborone,25.87884626573624,-24.68992298286813
Plot 128,Township Extension, Gaborone,25.91793180654709,-24.6535753195045
Plot 128,International Finance/Mellinium Park, Gaborone,25.87864905949066,-24.69020976275128
Plot 129,Township Extension, Gaborone,25.91792014993076,-24.65391424339344
Plot 129,International Finance/Mellinium Park, Gaborone,25.87842911001305,-24.69049851592526
Plot 130,International Finance/Mellinium Park, Gaborone,25.87820278010981,-24.69081108063217
Plot 131,Township Extension, Gaborone,25.91891363050542,-24.65489778251649
Plot 131,International Finance/Mellinium Park, Gaborone,25.87798753716083,-24.69110376465261
Plot 132,Township Extension, Gaborone,25.91891260970881,-24.65514966238104
Plot 132,International Finance/Mellinium Park, Gaborone,25.87776261572006,-24.69143262422483
Plot 133,Township Extension, Gaborone,25.91890640742561,-24.6553974970646
Plot 133,International Finance/Mellinium Park, Gaborone,25.87754076245418,-24.69172602923654
Plot 134,Township Extension, Gaborone,25.91891983118595,-24.65567606513871
Plot 134,International Finance/Mellinium Park, Gaborone,25.8770213309854,-24.69237190859211
Plot 135,Township Extension, Gaborone,25.91891870156787,-24.65595886268929
Plot 135,International Finance/Mellinium Park, Gaborone,25.87847838855414,-24.68858442624139
Plot 136,Township Extension, Gaborone,25.91892674304086,-24.65619701962003
Plot 136,International Finance/Mellinium Park, Gaborone,25.87772417300033,-24.68904193506558
Plot 137,Township Extension, Gaborone,25.91893603442041,-24.65648784282302
Plot 137,International Finance/Mellinium Park, Gaborone,25.87762357402725,-24.68913759581835
Plot 138,Township Extension, Gaborone,25.91809761721496,-24.65652895096477
Plot 138,International Finance/Mellinium Park, Gaborone,25.87749558657732,-24.68909660312166
Plot 139,Township Extension, Gaborone,25.91805903152708,-24.65622142011803
Plot 139,International Finance/Mellinium Park, Gaborone,25.87760892792712,-24.68887897182244
Plot 140,Township Extension, Gaborone,25.9180546670422,-24.65593545895939
Plot 140,International Finance/Mellinium Park, Gaborone,25.87769079684573,-24.68814953671866
Plot 141,Township Extension, Gaborone,25.91804573015459,-24.65566715646471
Plot 141,International Finance/Mellinium Park, Gaborone,25.8774492387793,-24.68800249593486
Plot 142,Township Extension, Gaborone,25.91804257420335,-24.65546038422127
Plot 142,International Finance/Mellinium Park, Gaborone,25.87714162307131,-24.6884282858993
Plot 143,Township Extension, Gaborone,25.91804282896728,-24.65516091711127
Plot 143,International Finance/Mellinium Park, Gaborone,25.87691009179848,-24.68875755403226
Plot 144,Township Extension, Gaborone,25.91810173792404,-24.65489598246029
Plot 144,International Finance/Mellinium Park, Gaborone,25.87673000957394,-24.68898080676245
Plot 145,Township Extension, Gaborone,25.91707646949508,-24.65499667512558
Plot 145,International Finance/Mellinium Park, Gaborone,25.8768084530748,-24.68913550337108
Plot 146,Township Extension, Gaborone,25.9179306163636,-24.6554260392474
Plot 147,Township Extension, Gaborone,25.91792967754429,-24.6556770484951
Plot 148,Township Extension, Gaborone,25.91794372347737,-24.65596288754582
Plot 149,Township Extension, Gaborone,25.91795226695901,-24.65620516524455
Plot 149,International Commerce Park, Gaborone,25.88105335648556,-24.69311924403171
Plot 150,Township Extension, Gaborone,25.91792819111675,-24.65653108676785
Plot 150,International Commerce Park, Gaborone,25.88085545710376,-24.69338397317518
Plot 151,Township Extension, Gaborone,25.91711681667999,-24.65654939267566
Plot 151,International Commerce Park, Gaborone,25.88036326501507,-24.69411537351401
Plot 152,Township Extension, Gaborone,25.91707663921496,-24.65620703132611
Plot 152,International Commerce Park, Gaborone,25.88080665479378,-24.69441696155336
Plot 153,Township Extension, Gaborone,25.91707752430672,-24.65596956794198
Plot 153,International Commerce Park, Gaborone,25.88113215004232,-24.69457562066365
Plot 154,Township Extension, Gaborone,25.91706816646606,-24.65570104685519
Plot 154,International Commerce Park, Gaborone,25.88158463763265,-24.69485693918875
Plot 155,Township Extension, Gaborone,25.91707334572858,-24.65544167050088
Plot 155,International Commerce Park, Gaborone,25.88201805980535,-24.69410122805872
Plot 156,Township Extension, Gaborone,25.91709602024264,-24.65676527142995
Plot 156,International Commerce Park, Gaborone,25.88221603367578,-24.69401628021236
Plot 157,Township Extension, Gaborone,25.91768413189566,-24.6567189735425
Plot 157,International Commerce Park, Gaborone,25.88238210469546,-24.6940975922496
Plot 158,Township Extension, Gaborone,25.91804739062348,-24.65672759511598
Plot 158,International Commerce Park, Gaborone,25.88237223319466,-24.69428822084945
Plot 159,Township Extension, Gaborone,25.91832508830387,-24.65671562475183
Plot 159,International Commerce Park, Gaborone,25.88179004742552,-24.69496431117829
Plot 160,Township Extension, Gaborone,25.91893643962202,-24.65726516736395
Plot 160,International Commerce Park, Gaborone,25.88221251012197,-24.69524408855687
Plot 161,Township Extension, Gaborone,25.91833988429424,-24.65748968992725
Plot 161,International Commerce Park, Gaborone,25.88254931113108,-24.69543695464171
Plot 162,Township Extension, Gaborone,25.91803483756476,-24.65748901164973
Plot 162,International Commerce Park, Gaborone,25.88300418685261,-24.69569733050284
Plot 163,International Commerce Park, Gaborone,25.88354165892324,-24.69500856690094
Plot 164,International Commerce Park, Gaborone,25.88373353964976,-24.69472096197701
Plot 165,Township Extension, Gaborone,25.91708673296352,-24.65710356887744
Plot 165,International Commerce Park, Gaborone,25.88407362990774,-24.69473701247543
Plot 166,Township Extension, Gaborone,25.91687710354509,-24.65749455939146
Plot 166,International Commerce Park, Gaborone,25.883821582894,-24.69508907967066
Plot 167,Township Extension, Gaborone,25.91647631361125,-24.65750172824939
Plot 167,International Commerce Park, Gaborone,25.88353499601572,-24.6954790230607
Plot 168,Township Extension, Gaborone,25.91619960591979,-24.6575011316374
Plot 168,International Commerce Park, Gaborone,25.88327161235143,-24.69585396260803
Plot 169,Township Extension, Gaborone,25.91588555955162,-24.65751155938239
Plot 169,International Commerce Park, Gaborone,25.88283762501592,-24.69646891839948
Plot 170,Township Extension, Gaborone,25.91583414973466,-24.65674927615113
Plot 170,International Commerce Park, Gaborone,25.88260089085605,-24.6962837694989
Plot 171,Township Extension, Gaborone,25.9162756003963,-24.65669964459701
Plot 171,International Commerce Park, Gaborone,25.88219487615697,-24.69555878538055
Plot 172,Township Extension, Gaborone,25.91669227479595,-24.65669098060972
Plot 172,International Commerce Park, Gaborone,25.88170273651527,-24.6952595674238
Plot 173,Township Extension, Gaborone,25.91675099131573,-24.65660157131555
Plot 173,International Commerce Park, Gaborone,25.88128839014167,-24.69501464849538
Plot 174,Township Extension, Gaborone,25.91647307825797,-24.65660506844098
Plot 174,International Commerce Park, Gaborone,25.88084385940779,-24.69474876907987
Plot 175,Township Extension, Gaborone,25.91616494935871,-24.6565987115818
Plot 175,International Commerce Park, Gaborone,25.8801656684466,-24.69438291928839
Plot 176,Township Extension, Gaborone,25.91581947351741,-24.65656200868524
Plot 176,International Commerce Park, Gaborone,25.87968538705419,-24.69511566578616
Plot 177,Township Extension, Gaborone,25.915847971283,-24.6558711424149
Plot 177,International Commerce Park, Gaborone,25.87895876608653,-24.69470857252112
Plot 178,Township Extension, Gaborone,25.91644021879745,-24.65576654442237
Plot 178,International Commerce Park, Gaborone,25.87988304156394,-24.69420640055921
Plot 179,Township Extension, Gaborone,25.91678701223664,-24.65575871348136
Plot 179,International Commerce Park, Gaborone,25.87897028582821,-24.69381970743362
Plot 180,Township Extension, Gaborone,25.91526447886688,-24.65751305490347
Plot 180,International Commerce Park, Gaborone,25.87931947715391,-24.69335370914127
Plot 181,Township Extension, Gaborone,25.91498761458102,-24.65753069629417
Plot 181,International Finance/Mellinium Park, Gaborone,25.87780984831187,-24.69274991628719
Plot 182,Township Extension, Gaborone,25.91466845860537,-24.65751482061557
Plot 183,Township Extension, Gaborone,25.91435445178797,-24.6575209038586
Plot 183,International Commerce Park, Gaborone,25.87959275979338,-24.69297180631132
Plot 184,Township Extension, Gaborone,25.91437337042173,-24.65671541249536
Plot 184,International Commerce Park, Gaborone,25.8798676985041,-24.69258427467483
Plot 185,Township Extension, Gaborone,25.91463971154492,-24.65671180085559
Plot 186,Township Extension, Gaborone,25.91490949214918,-24.65669468114939
Plot 187,Township Extension, Gaborone,25.91533542234613,-24.65676316126939
Plot 188,Township Extension, Gaborone,25.91521670917793,-24.65658063796726
Plot 189,Township Extension, Gaborone,25.91471877657924,-24.65661089908242
Plot 190,Township Extension, Gaborone,25.91428151163253,-24.656620263228
Plot 191,Township Extension, Gaborone,25.9140018444693,-24.65614101615781
Plot 192,Township Extension, Gaborone,25.91416151617996,-24.6557917589208
Plot 193,Township Extension, Gaborone,25.9146427020942,-24.65530086445389
Plot 193,International Commerce Park, Gaborone,25.8838047326753,-24.68897243953138
Plot 194,Township Extension, Gaborone,25.91513355638901,-24.65570070888867
Plot 195,Township Extension, Gaborone,25.91531274434252,-24.65587254418221
Plot 196,Township Extension, Gaborone,25.91579154994444,-24.65567215231579
Plot 197,Township Extension, Gaborone,25.91364924770787,-24.65560778301901
Plot 198,Township Extension, Gaborone,25.91645976567739,-24.65396927534476
Plot 199,Township Extension, Gaborone,25.91692158417233,-24.65533800298937
Plot 200,Township Extension, Gaborone,25.91691257119347,-24.65475188686565
Plot 201,Township Extension, Gaborone,25.91871137968043,-24.65748796911633
Plot 202,Township Extension, Gaborone,25.91498631342737,-24.6551765212142
Plot 203,Extension 5, Gaborone,25.91918389091248,-24.65596507689522
Plot 204,Extension 5, Gaborone,25.91917783064251,-24.65569991162412
Plot 205,Extension 5, Gaborone,25.91916790453569,-24.65541379913278
Plot 206,Extension 5, Gaborone,25.91916740741391,-24.65515169540266
Plot 207,Extension 5, Gaborone,25.91917647092031,-24.65489755126217
Plot 207,International Finance/Mellinium Park, Gaborone,25.87846378742455,-24.69219460283521
Plot 208,Extension 5, Gaborone,25.91999983346713,-24.65488609154781
Plot 209,Extension 5, Gaborone,25.92005920963768,-24.65517736601447
Plot 210,Extension 5, Gaborone,25.92005975623111,-24.65546009676067
Plot 211,Extension 5, Gaborone,25.92007760560215,-24.65572128615487
Plot 212,Extension 5, Gaborone,25.92006458337767,-24.656019113868
Plot 213,Extension 5, Gaborone,25.91915528449496,-24.65420584076564
Plot 214,Extension 5, Gaborone,25.9191696487847,-24.65394347668514
Plot 215,Extension 5, Gaborone,25.91915847795314,-24.65366021895323
Plot 216,Extension 5, Gaborone,25.91915426521712,-24.65338251312143
Plot 217,Extension 5, Gaborone,25.91912743342755,-24.65309693772819
Plot 218,Extension 5, Gaborone,25.91907432802173,-24.65285662307562
Plot 219,Extension 5, Gaborone,25.91900790983398,-24.65262872454957
Plot 220,Extension 5, Gaborone,25.91891340403534,-24.65239260201837
Plot 221,Extension 5, Gaborone,25.91879643992454,-24.6521646447661
Plot 222,Extension 5, Gaborone,25.91868841105305,-24.65194038244922
Plot 223,Extension 5, Gaborone,25.91834221329347,-24.65150781850056
Plot 224,Extension 5, Gaborone,25.91816700686241,-24.65129760723861
Plot 225,Extension 5, Gaborone,25.91792895527379,-24.65107930411223
Plot 226,Extension 5, Gaborone,25.91770875246412,-24.65084015861308
Plot 227,Extension 5, Gaborone,25.91744776594936,-24.65058922568788
Plot 228,Extension 5, Gaborone,25.91705043558356,-24.64998781852315
Plot 229,Extension 5, Gaborone,25.91730304306407,-24.6497920656946
Plot 230,Extension 5, Gaborone,25.91750189214817,-24.64962533622608
Plot 231,Extension 5, Gaborone,25.91775174883708,-24.64947044803856
Plot 232,Extension 5, Gaborone,25.91805570541653,-24.64931881359366
Plot 233,Extension 5, Gaborone,25.91850207988484,-24.64990757501681
Plot 234,Extension 5, Gaborone,25.91862843532947,-24.65020530723308
Plot 235,Extension 5, Gaborone,25.91881669983171,-24.65042024582139
Plot 236,Extension 5, Gaborone,25.91898677333492,-24.65062722414236
Plot 237,Extension 5, Gaborone,25.91957528942226,-24.65143503547647
Plot 238,Extension 5, Gaborone,25.91964669299685,-24.65164744094954
Plot 239,Extension 5, Gaborone,25.91973259342614,-24.65192081726709
Plot 240,Extension 5, Gaborone,25.91979987168059,-24.65216539417012
Plot 241,Extension 5, Gaborone,25.91989030314638,-24.65245423595253
Plot 242,Extension 5, Gaborone,25.91998521021597,-24.65276344136665
Plot 243,Extension 5, Gaborone,25.92003981437496,-24.65310176349309
Plot 244,Extension 5, Gaborone,25.92005318025091,-24.65339994457344
Plot 245,Extension 5, Gaborone,25.92003859408807,-24.65366264645707
Plot 246,Extension 5, Gaborone,25.92003351311053,-24.65396722113016
Plot 247,Extension 5, Gaborone,25.92004626340087,-24.65421740183474
NO_RESULTS,NO_RESULTS, NO_RESULTS,0.0,0.0
NO_RESULTS,NO_RESULTS, NO_RESULTS,0.0,0.0
NO_RESULTS,NO_RESULTS, NO_RESULTS,0.0,0.0
Plot 251,Extension 5, Gaborone,25.92097764988167,-24.65403807505728
Plot 252,Extension 5, Gaborone,25.92061824094524,-24.65413692728535
Plot 253,Extension 5, Gaborone,25.92035186773959,-24.65413973744138
Plot 254,Extension 5, Gaborone,25.92029011708318,-24.65243234601269
Plot 255,Extension 5, Gaborone,25.92060967381416,-24.65242744937915
Plot 256,Extension 5, Gaborone,25.92091238104578,-24.65243504472037
Plot 257,Extension 5, Gaborone,25.92101319285018,-24.65315538905045
Plot 258,Extension 5, Gaborone,25.92063929926827,-24.65319665477515
Plot 259,Extension 5, Gaborone,25.92036938044657,-24.65320398494033
Plot 260,Extension 5, Gaborone,25.91978725194931,-24.65143646152302
Plot 261,Extension 5, Gaborone,25.92007853475752,-24.65132603119968
Plot 262,Extension 5, Gaborone,25.92034782290648,-24.65124427160987
Plot 263,Extension 5, Gaborone,25.92056753824402,-24.65114664376329
Plot 264,Extension 5, Gaborone,25.92092753071378,-24.65226653022069
Plot 265,Extension 5, Gaborone,25.92062059037381,-24.65226991514873
Plot 266,Extension 5, Gaborone,25.92012608498975,-24.65230020471189
Plot 267,Extension 5, Gaborone,25.91883721339384,-24.65028467328835
Plot 268,Extension 5, Gaborone,25.91865719332477,-24.65002042881348
Plot 269,Extension 5, Gaborone,25.91854913057352,-24.64973886728299
Plot 270,Extension 5, Gaborone,25.91851324125732,-24.64916116831772
Plot 271,Extension 5, Gaborone,25.91887294628519,-24.64908672353652
Plot 272,Extension 5, Gaborone,25.91917880865064,-24.64902508849567
Plot 273,Extension 5, Gaborone,25.91946317790087,-24.64902560464179
Plot 274,Extension 5, Gaborone,25.91983838700326,-24.64902796703436
Plot 274,Extension 9, Gaborone,25.92888943836264,-24.6495893048866
Plot 275,Extension 5, Gaborone,25.92000036913816,-24.64963434113447
Plot 276,Extension 5, Gaborone,25.91996367094582,-24.64992207156876
Plot 277,Extension 5, Gaborone,25.91984387363433,-24.65031712064921
NO_RESULTS,NO_RESULTS, NO_RESULTS,0.0,0.0
NO_RESULTS,NO_RESULTS, NO_RESULTS,0.0,0.0
Plot 280,Extension 5, Gaborone,25.92008496649448,-24.64972799072345
Plot 281,Extension 5, Gaborone,25.92040531934657,-24.64913529045538
Plot 282,Extension 5, Gaborone,25.92071429502351,-24.64921792171102
Plot 283,Extension 5, Gaborone,25.92099209351938,-24.64933317813754
Plot 284,Extension 5, Gaborone,25.92129347587983,-24.64946431258335
Plot 285,Extension 5, Gaborone,25.92155663763937,-24.64963253942333
Plot 286,Extension 5, Gaborone,25.9211454885292,-24.65037488786151
Plot 287,Extension 5, Gaborone,25.92102885568319,-24.65049972865398
Plot 288,Extension 5, Gaborone,25.92104932801508,-24.65066798611179
Plot 289,Extension 5, Gaborone,25.92129188827033,-24.65045943434367
Plot 290,Extension 5, Gaborone,25.92187452949383,-24.64988377994649
Plot 291,Extension 5, Gaborone,25.92208590558252,-24.65010799451991
Plot 292,Extension 5, Gaborone,25.92229467061868,-24.65037334875588
Plot 293,Extension 5, Gaborone,25.92259130203393,-24.6508997937363
Plot 294,Extension 5, Gaborone,25.92192534470345,-24.65117072112368
Plot 295,Extension 5, Gaborone,25.9213885844785,-24.65134124533779
Plot 296,Extension 5, Gaborone,25.92140033569069,-24.65153412560971
Plot 297,Extension 5, Gaborone,25.92168751221471,-24.65137009529257
Plot 298,Extension 5, Gaborone,25.92198863040067,-24.65125122229283
Plot 299,Extension 5, Gaborone,25.92264199243555,-24.6510287789422
Plot 300,Extension 5, Gaborone,25.9228175869695,-24.65145056049262
Plot 301,Extension 5, Gaborone,25.9228795045854,-24.65181944238184
Plot 302,Extension 5, Gaborone,25.92286262565214,-24.65224613490927
Plot 303,Extension 5, Gaborone,25.92216411061857,-24.65225099645354
Plot 304,Extension 5, Gaborone,25.92184599989193,-24.65226783771619
Plot 305,Extension 5, Gaborone,25.92153016706106,-24.65226382332124
Plot 306,Extension 5, Gaborone,25.92152910562656,-24.65242149743344
Plot 307,Extension 5, Gaborone,25.92182228902482,-24.65242643720522
Plot 308,Extension 5, Gaborone,25.92210443149631,-24.652419633052
Plot 309,Extension 5, Gaborone,25.92244133208805,-24.65240759664505
Plot 310,Extension 5, Gaborone,25.92272100062918,-24.65240406144826
Plot 311,Extension 5, Gaborone,25.92274473116755,-24.6531841674141
Plot 312,Extension 5, Gaborone,25.9224262754126,-24.65319573748229
Plot 313,Extension 5, Gaborone,25.92214271940063,-24.65319898541572
Plot 314,Extension 5, Gaborone,25.92186363610976,-24.6531937136726
Plot 315,Extension 5, Gaborone,25.92156131671132,-24.65315133068559
Plot 316,Extension 5, Gaborone,25.92152340711192,-24.65335763956186
Plot 317,Extension 5, Gaborone,25.92184249727635,-24.65328424533523
Plot 318,Extension 5, Gaborone,25.92212155115518,-24.65328534516168
Plot 319,Extension 5, Gaborone,25.92241382784469,-24.65329033897315
Plot 320,Extension 5, Gaborone,25.92270545187363,-24.6532912876512
Plot 321,Extension 5, Gaborone,25.92272881919749,-24.65411841393608
Plot 322,Extension 5, Gaborone,25.92246734800961,-24.65412991011133
Plot 323,Extension 5, Gaborone,25.92210659458897,-24.654134465762
Plot 324,Extension 5, Gaborone,25.92187073215081,-24.65402679854
NO_RESULTS,NO_RESULTS, NO_RESULTS,0.0,0.0
NO_RESULTS,NO_RESULTS, NO_RESULTS,0.0,0.0
Plot 327,Extension 5, Gaborone,25.92025058320145,-24.65616739469777
Plot 328,Extension 4, Gaborone,25.92056877672206,-24.66034057426228
Plot 329,Extension 4, Gaborone,25.92000921633412,-24.66031272060929
Plot 330,Extension 3, Gaborone,25.91997615378864,-24.65875435359857
Plot 331,Extension 5, Gaborone,25.91942695386562,-24.65626356482085
NO_RESULTS,NO_RESULTS, NO_RESULTS,0.0,0.0
Plot 333,Extension 5, Gaborone,25.92075257406795,-24.65781736174664
Plot 334,Extension 5, Gaborone,25.92062444339208,-24.65424755849569
Plot 335,Extension 5, Gaborone,25.9224505078735,-24.65424070152585
Plot 336,Extension 5, Gaborone,25.91986562370477,-24.6508259299985
Plot 337,Extension 4, Gaborone,25.91712874099523,-24.66631234040727
Plot 338,Extension 4, Gaborone,25.91768591770062,-24.66573769588075
Plot 339,Extension 4, Gaborone,25.91783214680672,-24.66557935702961
Plot 340,Extension 4, Gaborone,25.91807275105619,-24.66537877279892
Plot 341,Extension 4, Gaborone,25.91846375239691,-24.66571542711474
Plot 342,Extension 4, Gaborone,25.91825844487377,-24.66594456137421
Plot 343,Extension 4, Gaborone,25.91809889564988,-24.66611396255234
Plot 344,Extension 4, Gaborone,25.91805526104979,-24.66637213588607
Plot 345,Extension 4, Gaborone,25.91826900520994,-24.66650897077159
Plot 346,Extension 4, Gaborone,25.91844464788428,-24.66659553332509
Plot 347,Extension 4, Gaborone,25.91868350199239,-24.66667624471685
NO_RESULTS,NO_RESULTS, NO_RESULTS,0.0,0.0
Plot 349,Extension 4, Gaborone,25.91852227554231,-24.66720001288106
Plot 350,Extension 4, Gaborone,25.91820687696243,-24.66708910309563
Plot 351,Extension 4, Gaborone,25.91797092584313,-24.66697515348203
Plot 352,Extension 4, Gaborone,25.91771266439358,-24.66684635412973
Plot 353,Extension 4, Gaborone,25.91822242975227,-24.66520881399442
Plot 354,Extension 4, Gaborone,25.91832383487549,-24.66508580016907
Plot 355,Extension 4, Gaborone,25.91839955007302,-24.66500232104846
Plot 356,Extension 4, Gaborone,25.91847851721198,-24.66490911166428
Plot 357,Extension 4, Gaborone,25.91856102740409,-24.66480610179116
Plot 358,Extension 4, Gaborone,25.91866492007337,-24.66469191008685
Plot 359,Extension 4, Gaborone,25.91873844253305,-24.66457761996325
Plot 360,Extension 4, Gaborone,25.91879671056269,-24.66447445767585
Plot 361,Extension 4, Gaborone,25.91887978634674,-24.66432116343043
Plot 362,Extension 4, Gaborone,25.9189290217238,-24.66422923234946
Plot 363,Extension 4, Gaborone,25.9189905170357,-24.6640955356705
Plot 364,Extension 4, Gaborone,25.9190365409778,-24.66396735058376
Plot 365,Extension 4, Gaborone,25.91907335945315,-24.66386703195965
Plot 366,Extension 4, Gaborone,25.91911632248718,-24.66370819140142
Plot 367,Extension 4, Gaborone,25.91915927553586,-24.66359951304857
Plot 368,Extension 4, Gaborone,25.91918275551698,-24.66345502010224
Plot 369,Extension 4, Gaborone,25.9196580271314,-24.66357757031022
Plot 370,Extension 4, Gaborone,25.9197347908994,-24.66375882071462
Plot 371,Extension 4, Gaborone,25.91969342782186,-24.66388525115741
Plot 372,Extension 4, Gaborone,25.91965943271807,-24.66403007836103
Plot 373,Extension 4, Gaborone,25.91959468660732,-24.6641611233436
Plot 374,Extension 4, Gaborone,25.91951139208346,-24.66432024704299
Plot 375,Extension 4, Gaborone,25.91944341309236,-24.66444913999946
Plot 376,Extension 4, Gaborone,25.91937562240267,-24.66458328739973
Plot 377,Extension 4, Gaborone,25.91931091116365,-24.66469233570119
Plot 378,Extension 4, Gaborone,25.91923073260868,-24.66484059823845
Plot 379,Extension 4, Gaborone,25.91911364013902,-24.66498889720299
Plot 380,Extension 4, Gaborone,25.91902148308249,-24.66509787357781
Plot 381,Extension 4, Gaborone,25.91893247518776,-24.66519838090659
Plot 382,Extension 4, Gaborone,25.91882207039771,-24.66533509300621
Plot 383,Extension 4, Gaborone,25.91872048985305,-24.66544743625083
Plot 384,Extension 4, Gaborone,25.9185854907177,-24.66552631094628
Plot 385,Extension 4, Gaborone,25.91922296040214,-24.66310020033435
Plot 386,Extension 4, Gaborone,25.91925276693974,-24.66286418265162
Plot 386,Game City, Gaborone,25.88241603541737,-24.6874602808251
Plot 387,Extension 4, Gaborone,25.91923929571737,-24.66258636305579
Plot 387,Game City, Gaborone,25.88228843504141,-24.6869850333549
Plot 388,Extension 4, Gaborone,25.91923715122811,-24.66239709109888
Plot 388,Game City, Gaborone,25.88217362893602,-24.68735017373156
Plot 389,Extension 4, Gaborone,25.91923037814284,-24.66219347636752
Plot 390,Extension 4, Gaborone,25.91923001665672,-24.66196143248803
Plot 391,Extension 4, Gaborone,25.91922123284103,-24.66170814212647
Plot 392,Extension 4, Gaborone,25.9199289115712,-24.66167001922788
Plot 393,Extension 4, Gaborone,25.91997876974697,-24.66194909553335
Plot 394,Extension 4, Gaborone,25.91996588514538,-24.66217300185226
Plot 395,Extension 4, Gaborone,25.91996866638,-24.66238388996732
Plot 396,Extension 4, Gaborone,25.91997190325331,-24.66261154074821
Plot 397,Extension 4, Gaborone,25.91993571878217,-24.66288854798177
Plot 398,Extension 4, Gaborone,25.91987487480794,-24.66310170369194
Plot 399,Extension 4, Gaborone,25.91974405637849,-24.66328964969975
Plot 400,Extension 4, Gaborone,25.91922853471017,-24.66138158933273
Plot 401,Extension 4, Gaborone,25.91923068436401,-24.66119416460552
Plot 402,Extension 4, Gaborone,25.91922660048154,-24.66097052366448
Plot 403,Extension 4, Gaborone,25.91921960282916,-24.66077414815028
Plot 404,Extension 4, Gaborone,25.91996302898659,-24.66049312042657
Plot 405,Extension 4, Gaborone,25.91996107019055,-24.660761980973
Plot 406,Extension 4, Gaborone,25.91995999240697,-24.66096406176022
Plot 407,Extension 4, Gaborone,25.9199692746269,-24.66117143050342
Plot 408,Extension 4, Gaborone,25.91992079940254,-24.66143379594095
Plot 409,Extension 4, Gaborone,25.92016672501512,-24.66053952283626
Plot 410,Extension 4, Gaborone,25.92041241479391,-24.66049463064024
Plot 411,Extension 4, Gaborone,25.92061283762991,-24.66049120764216
Plot 412,Extension 4, Gaborone,25.92084689758386,-24.66048442356819
Plot 413,Extension 4, Gaborone,25.92086995853601,-24.66105818556403
Plot 414,Extension 4, Gaborone,25.92066863650711,-24.66110046448661
Plot 415,Extension 4, Gaborone,25.9204285549178,-24.66110944208121
Plot 416,Extension 4, Gaborone,25.92016225137532,-24.66107696575686
Plot 417,Extension 4, Gaborone,25.92016825810845,-24.66125121214531
Plot 418,Extension 4, Gaborone,25.92043460240705,-24.66120922603627
Plot 419,Extension 4, Gaborone,25.92068689007858,-24.66120597931418
Plot 420,Extension 4, Gaborone,25.92088524276897,-24.66126129854458
Plot 421,Extension 4, Gaborone,25.92083006508341,-24.66179971982679
Plot 422,Extension 4, Gaborone,25.92058531255714,-24.66185564065658
Plot 423,Extension 4, Gaborone,25.92020841179766,-24.66184280309628
Plot 424,Extension 4, Gaborone,25.92018012735803,-24.66197850484251
Plot 425,Extension 4, Gaborone,25.92043254640682,-24.66193922198886
Plot 426,Extension 4, Gaborone,25.92062180908103,-24.66194176846816
Plot 427,Extension 4, Gaborone,25.92084515177641,-24.66199724531582
Plot 428,Extension 4, Gaborone,25.92085869726242,-24.66252764416463
Plot 429,Extension 4, Gaborone,25.92063254251091,-24.66258017165027
Plot 430,Extension 4, Gaborone,25.92043947975749,-24.66258297025539
Plot 431,Extension 4, Gaborone,25.92016805243095,-24.66255124014405
Plot 432,Extension 4, Gaborone,25.92166088721271,-24.66334027745857
Plot 433,Extension 4, Gaborone,25.92180078012722,-24.66338787986039
Plot 434,Extension 4, Gaborone,25.92197629925193,-24.663410295077
Plot 435,Extension 4, Gaborone,25.92220407249164,-24.66336554447625
Plot 436,Extension 4, Gaborone,25.92208677858745,-24.66271201301522
Plot 437,Extension 4, Gaborone,25.92191077764497,-24.66266979069857
Plot 438,Extension 4, Gaborone,25.92175700239768,-24.66268244046738
Plot 439,Extension 4, Gaborone,25.92163085370414,-24.66267262244296
Plot 440,Extension 4, Gaborone,25.92145840040852,-24.66271027914108
Plot 441,Extension 4, Gaborone,25.92133828692047,-24.66274036689338
Plot 442,Extension 4, Gaborone,25.92137924052074,-24.66253145292823
Plot 443,Extension 4, Gaborone,25.92157202181365,-24.66257672096295
Plot 444,Extension 4, Gaborone,25.92179363404825,-24.66258429995999
Plot 445,Extension 4, Gaborone,25.9220596278977,-24.66254449345199
Plot 446,Extension 4, Gaborone,25.9220708007961,-24.66196610627977
Plot 447,Extension 4, Gaborone,25.92177783414868,-24.6619370030508
Plot 448,Extension 4, Gaborone,25.92158385478465,-24.6619399680755
Plot 449,Extension 4, Gaborone,25.92134644002166,-24.66199260193267
Plot 450,Extension 4, Gaborone,25.92134439415904,-24.66178840701523
Plot 451,Extension 4, Gaborone,25.92157314300896,-24.66183751710878
Plot 452,Extension 4, Gaborone,25.92178067481173,-24.66184705218708
Plot 453,Extension 4, Gaborone,25.92205443461743,-24.66181457811798
Plot 454,Extension 4, Gaborone,25.92204750977547,-24.66123037773324
Plot 455,Extension 4, Gaborone,25.92178890054658,-24.66119722411594
Plot 456,Extension 4, Gaborone,25.92156785923141,-24.66118909624181
Plot 457,Extension 4, Gaborone,25.92132593879283,-24.66125313337221
Plot 458,Extension 4, Gaborone,25.92133792642875,-24.66105346480414
Plot 459,Extension 4, Gaborone,25.9215644798615,-24.66110034412912
Plot 460,Extension 4, Gaborone,25.9217729705737,-24.66108897732002
Plot 461,Extension 4, Gaborone,25.92205855796523,-24.66106360555848
Plot 462,Extension 4, Gaborone,25.92204336035448,-24.66053020819082
Plot 463,Extension 4, Gaborone,25.92177526659569,-24.66047985480994
Plot 464,Extension 4, Gaborone,25.92155603965889,-24.66048138239484
Plot 465,Extension 4, Gaborone,25.9213481876574,-24.66048913434177
Plot 466,Extension 4, Gaborone,25.92231564878776,-24.66141730134969
Plot 467,Extension 4, Gaborone,25.92226942960483,-24.66115704253948
Plot 468,Extension 4, Gaborone,25.92226018189409,-24.66093968702821
Plot 469,Extension 4, Gaborone,25.92226014032106,-24.66070925910481
Plot 470,Extension 4, Gaborone,25.92226314998802,-24.66047418012757
Plot 471,Extension 4, Gaborone,25.92296431431462,-24.66048638649889
Plot 472,Extension 4, Gaborone,25.92297800123313,-24.66070829775691
Plot 473,Extension 4, Gaborone,25.92297917510869,-24.66092553097534
Plot 474,Extension 4, Gaborone,25.92298046001599,-24.66113508017045
Plot 475,Extension 4, Gaborone,25.92293572626947,-24.66140710074954
Plot 476,Extension 4, Gaborone,25.92244371350569,-24.66332251652822
Plot 477,Extension 4, Gaborone,25.92235355439372,-24.66298660480468
Plot 478,Extension 4, Gaborone,25.92230966221649,-24.66277687783099
Plot 479,Extension 4, Gaborone,25.92228496801646,-24.66251707553235
Plot 480,Extension 4, Gaborone,25.92227675511944,-24.66232472355236
Plot 481,Extension 4, Gaborone,25.9222794790212,-24.66211256440251
Plot 482,Extension 4, Gaborone,25.92226840250554,-24.66192333632003
Plot 483,Extension 4, Gaborone,25.92230944180428,-24.6616473708155
Plot 484,Extension 4, Gaborone,25.92296132299279,-24.66165283798389
Plot 485,Extension 4, Gaborone,25.92297777107292,-24.66191264059272
Plot 486,Extension 4, Gaborone,25.92298048456723,-24.66211998091689
Plot 487,Extension 4, Gaborone,25.92299144583113,-24.66231982801856
Plot 488,Extension 4, Gaborone,25.92299140791138,-24.66254465408356
Plot 489,Extension 4, Gaborone,25.92298862984423,-24.6627195184132
Plot 490,Extension 4, Gaborone,25.92298852904448,-24.66294930864224
Plot 491,Extension 4, Gaborone,25.92294577088197,-24.66334246072735
Plot 492,Extension 4, Gaborone,25.92267955689959,-24.6633722248665
Plot 493,Extension 4, Gaborone,25.92183985909972,-24.66428610541708
Plot 494,Extension 4, Gaborone,25.92179290970896,-24.66417028420092
Plot 495,Extension 4, Gaborone,25.92172356992353,-24.66398512913717
Plot 496,Extension 4, Gaborone,25.92171326959321,-24.66384883147322
Plot 497,Extension 4, Gaborone,25.92171522064058,-24.66370338723599
Plot 498,Extension 4, Gaborone,25.92174415296168,-24.66352856975473
Plot 499,Extension 4, Gaborone,25.92228574281808,-24.66353089276992
Plot 500,Extension 4, Gaborone,25.92229567562096,-24.66370347223971
Plot 501,Extension 4, Gaborone,25.92228836158779,-24.66382431715595
Plot 502,Extension 4, Gaborone,25.92229826409898,-24.66396958195975
Plot 503,Extension 4, Gaborone,25.92229589008487,-24.66413469413752
Plot 504,Extension 4, Gaborone,25.92224200177386,-24.66426612884795
Plot 505,Extension 4, Gaborone,25.92247748556059,-24.66427752547231
Plot 506,Extension 4, Gaborone,25.92244313301924,-24.66416595432305
Plot 507,Extension 4, Gaborone,25.92241370231146,-24.6639919274392
Plot 508,Extension 4, Gaborone,25.92241617489019,-24.66385564136133
Plot 509,Extension 4, Gaborone,25.92241373195849,-24.66372140171521
Plot 510,Extension 4, Gaborone,25.92242851866957,-24.66355558597295
Plot 511,Extension 4, Gaborone,25.92297249939071,-24.66355341965333
Plot 512,Extension 4, Gaborone,25.92299215477195,-24.66372790472577
Plot 513,Extension 5, Gaborone,25.92181462707898,-24.6542282561532
Plot 513,Extension 4, Gaborone,25.9229970693061,-24.66386211277228
Plot 514,Extension 4, Gaborone,25.92300198609227,-24.66398514271138
Plot 515,Extension 4, Gaborone,25.92299949160221,-24.6641372564415
Plot 516,Extension 4, Gaborone,25.92300934474524,-24.66427148594999
Plot 517,Extension 4, Gaborone,25.92141964605128,-24.66530960883915
Plot 518,Extension 4, Gaborone,25.92144076498296,-24.66518224463952
Plot 519,Extension 4, Gaborone,25.92149622113513,-24.66505076726054
Plot 520,Extension 4, Gaborone,25.92155077901479,-24.66492609291965
Plot 521,Extension 4, Gaborone,25.92161702740688,-24.66477458870351
Plot 522,Extension 4, Gaborone,25.9216881568592,-24.66464536156905
Plot 523,Extension 4, Gaborone,25.92176661588946,-24.66454054175122
Plot 524,Extension 4, Gaborone,25.92218098820232,-24.66456957011779
Plot 525,Extension 4, Gaborone,25.92221774245788,-24.66471218259192
Plot 526,Extension 4, Gaborone,25.922183380831,-24.66491049025332
Plot 527,Extension 4, Gaborone,25.92213411166321,-24.6650463265049
Plot 528,Extension 4, Gaborone,25.92207954046487,-24.66517560722516
Plot 529,Extension 4, Gaborone,25.92202735257586,-24.66529180762585
Plot 530,Extension 4, Gaborone,25.92195265091676,-24.66544642631767
Plot 531,Extension 4, Gaborone,25.92182605864728,-24.66557901850444
Plot 532,Extension 4, Gaborone,25.92195138423662,-24.66566012958281
Plot 533,Extension 4, Gaborone,25.92200124944191,-24.6655700419703
Plot 534,Extension 4, Gaborone,25.92205103947418,-24.66545122315819
Plot 535,Extension 4, Gaborone,25.9221082517752,-24.66533675231728
Plot 536,Extension 4, Gaborone,25.92217033825194,-24.66520018888362
Plot 537,Extension 4, Gaborone,25.92222485680841,-24.66507292644909
Plot 538,Extension 4, Gaborone,25.92227169140261,-24.66496596655081
Plot 539,Extension 4, Gaborone,25.92230110177209,-24.66484113371772
Plot 540,Extension 4, Gaborone,25.92235013293288,-24.66466718040602
Plot 541,Extension 4, Gaborone,25.92239917492641,-24.66457342046065
Plot 542,Extension 4, Gaborone,25.92298714854958,-24.66456254985291
Plot 543,Extension 4, Gaborone,25.92297231166372,-24.66471244779842
Plot 544,Extension 4, Gaborone,25.92295007660405,-24.66484444129337
Plot 545,Extension 4, Gaborone,25.92291553595592,-24.66499876516073
Plot 546,Extension 4, Gaborone,25.92287160737783,-24.66515529567531
Plot 547,Extension 4, Gaborone,25.92283000984295,-24.66528966933539
Plot 548,Extension 4, Gaborone,25.9227780065279,-24.66541619040497
Plot 549,Extension 4, Gaborone,25.92271397941453,-24.66555512417527
Plot 550,Extension 4, Gaborone,25.92262515673547,-24.66571668266827
Plot 551,Extension 4, Gaborone,25.92254364385379,-24.66586028927528
Plot 552,Extension 4, Gaborone,25.92242015612921,-24.66597920563081
Plot 553,Extension 4, Gaborone,25.92059858065411,-24.6666877975961
Plot 554,Extension 4, Gaborone,25.92075894918608,-24.66660033312416
Plot 555,Extension 4, Gaborone,25.92088234986965,-24.66655098528621
Plot 556,Extension 4, Gaborone,25.92102313330138,-24.666499358331
Plot 557,Extension 4, Gaborone,25.92113439750793,-24.66642970047725
Plot 558,Extension 4, Gaborone,25.92125066132178,-24.66634652885299
Plot 559,Extension 4, Gaborone,25.92136448793822,-24.66625659244012
Plot 560,Extension 4, Gaborone,25.92149072751479,-24.66616661703334
Plot 561,Extension 4, Gaborone,25.92159713390627,-24.66609019412959
Plot 562,Extension 4, Gaborone,25.92167618346347,-24.66601392313969
Plot 563,Extension 4, Gaborone,25.92185136303572,-24.66584812707407
Plot 564,Extension 4, Gaborone,25.92230765969012,-24.66614942323171
Plot 565,Extension 4, Gaborone,25.9221278721526,-24.6663737465987
Plot 566,Extension 4, Gaborone,25.92198796990284,-24.66650401836288
Plot 567,Extension 4, Gaborone,25.92186487095762,-24.66660531240345
Plot 568,Extension 4, Gaborone,25.92175373343805,-24.66670661694882
Plot 569,Extension 4, Gaborone,25.92163241336496,-24.66678331684933
Plot 570,Extension 4, Gaborone,25.92148348370682,-24.66687813856486
Plot 571,Extension 4, Gaborone,25.92131213937645,-24.66697505499956
Plot 572,Extension 4, Gaborone,25.92113599944821,-24.66705606560229
Plot 573,Extension 4, Gaborone,25.9210097022314,-24.66712566962634
Plot 574,Extension 4, Gaborone,25.9208439694662,-24.66715460236157
Plot 575,Extension 4, Gaborone,25.91894255581909,-24.66677682828429
Plot 576,Extension 4, Gaborone,25.91916652836803,-24.66678168707063
Plot 577,Extension 4, Gaborone,25.91930193444039,-24.66682965736199
Plot 578,Extension 4, Gaborone,25.91947693447975,-24.66684352669423
Plot 579,Extension 4, Gaborone,25.91955981661656,-24.66682661489785
Plot 580,Extension 4, Gaborone,25.91970420634214,-24.66681236324318
Plot 581,Extension 4, Gaborone,25.91984585425839,-24.66678966624503
Plot 582,Extension 4, Gaborone,25.91998471001874,-24.66677254469512
Plot 583,Extension 4, Gaborone,25.92013934587636,-24.66674691634106
Plot 584,Extension 4, Gaborone,25.92037185847516,-24.66672128717226
Plot 585,Extension 4, Gaborone,25.92053673333626,-24.66698894250479
Plot 586,Extension 4, Gaborone,25.92061485831781,-24.66722067601903
Plot 587,Extension 4, Gaborone,25.92024784698074,-24.66733309043003
Plot 588,Extension 4, Gaborone,25.92009251592678,-24.66735279502534
Plot 589,Extension 4, Gaborone,25.91995654697679,-24.66736281039151
Plot 590,Extension 4, Gaborone,25.91981090161465,-24.66736908100022
Plot 591,Extension 4, Gaborone,25.91963781023702,-24.66737545932806
Plot 592,Extension 4, Gaborone,25.91944356149603,-24.66738179846528
Plot 593,Extension 4, Gaborone,25.91926491909937,-24.66736258192527
Plot 594,Extension 4, Gaborone,25.91911422350811,-24.66734613059426
Plot 595,Extension 4, Gaborone,25.91874143591014,-24.66722136666359
Plot 596,Extension 4, Gaborone,25.91881908794029,-24.66702272001329
Plot 597,Extension 4, Gaborone,25.9193298471575,-24.66663337076846
Plot 598,Extension 4, Gaborone,25.91907857320872,-24.66664172434108
Plot 599,Extension 4, Gaborone,25.91888795207376,-24.66660494864885
Plot 600,Extension 4, Gaborone,25.91875236781658,-24.66655955436829
NO_RESULTS,NO_RESULTS, NO_RESULTS,0.0,0.0
NO_RESULTS,NO_RESULTS, NO_RESULTS,0.0,0.0
Plot 603,Extension 4, Gaborone,25.91814408280325,-24.66626234419867
Plot 604,Extension 4, Gaborone,25.91826696841459,-24.66611577267365
Plot 605,Extension 4, Gaborone,25.91835914669358,-24.66603152215102
Plot 606,Extension 4, Gaborone,25.91846568054302,-24.66591056327481
Plot 607,Extension 4, Gaborone,25.91864109046792,-24.66579103269639
Plot 608,Extension 4, Gaborone,25.91888744732955,-24.66597831383458
Plot 609,Extension 4, Gaborone,25.91898007031993,-24.66603656274381
Plot 610,Extension 4, Gaborone,25.91911799015377,-24.66610564647308
Plot 611,Extension 4, Gaborone,25.91923704971443,-24.66616184729742
Plot 612,Extension 4, Gaborone,25.91939443062918,-24.66628096842872
Plot 613,Extension 4, Gaborone,25.91953969751378,-24.66612415981085
Plot 614,Extension 4, Gaborone,25.91940123693529,-24.66611964481283
Plot 615,Extension 4, Gaborone,25.91922726943121,-24.66604795399221
NO_RESULTS,NO_RESULTS, NO_RESULTS,0.0,0.0
NO_RESULTS,NO_RESULTS, NO_RESULTS,0.0,0.0
NO_RESULTS,NO_RESULTS, NO_RESULTS,0.0,0.0
NO_RESULTS,NO_RESULTS, NO_RESULTS,0.0,0.0
Plot 620,Extension 4, Gaborone,25.91921918526298,-24.66546868593839
Plot 621,Extension 4, Gaborone,25.91935694801538,-24.66557910175544
Plot 622,Extension 4, Gaborone,25.91950206122375,-24.66565931710721
Plot 623,Extension 4, Gaborone,25.91964977981315,-24.6657570221545
Plot 624,Extension 4, Gaborone,25.91973087112979,-24.66588302848704
Plot 625,Extension 4, Gaborone,25.91978104481518,-24.66568760747186
Plot 626,Extension 4, Gaborone,25.91962357559394,-24.66563329661062
Plot 627,Extension 4, Gaborone,25.91950446431702,-24.66554653329208
Plot 628,Extension 4, Gaborone,25.91938550246041,-24.66546638199606
Plot 629,Extension 4, Gaborone,25.91926431558929,-24.66538633457207
Plot 630,Extension 4, Gaborone,25.91913143635797,-24.66525012916341
Plot 631,Extension 4, Gaborone,25.919436043676,-24.66485361291216
Plot 632,Extension 4, Gaborone,25.9196215315464,-24.66495125017863
Plot 633,Extension 4, Gaborone,25.91974521710887,-24.66504045202915
Plot 634,Extension 4, Gaborone,25.91985979662703,-24.66511447223445
Plot 635,Extension 4, Gaborone,25.91998407961663,-24.66520599699081
Plot 636,Extension 4, Gaborone,25.92006302678877,-24.66531492870217
NO_RESULTS,NO_RESULTS, NO_RESULTS,0.0,0.0
NO_RESULTS,NO_RESULTS, NO_RESULTS,0.0,0.0
Plot 639,Extension 4, Gaborone,25.91990282117929,-24.66503194732592
Plot 640,Extension 4, Gaborone,25.91977647506528,-24.66494266739516
Plot 641,Extension 4, Gaborone,25.91964835112061,-24.66485580986932
Plot 642,Extension 4, Gaborone,25.91950780601066,-24.66473234357008
Plot 643,Extension 4, Gaborone,25.91960640075507,-24.66447318609554
Plot 644,Extension 4, Gaborone,25.91974481572529,-24.66427528006012
Plot 645,Extension 4, Gaborone,25.92001076508868,-24.66442886327123
Plot 646,Extension 4, Gaborone,25.92012476806922,-24.66450176480239
Plot 647,Extension 4, Gaborone,25.92024651403887,-24.66458960366808
Plot 648,Extension 4, Gaborone,25.92038130833907,-24.66470597722014
Plot 649,Extension 4, Gaborone,25.9204467303733,-24.66486034986887
Plot 650,Extension 4, Gaborone,25.9215293609001,-24.66578327489603
Plot 651,Extension 4, Gaborone,25.92039060859415,-24.66561567924542
Plot 652,Extension 4, Gaborone,25.92055651502926,-24.66565536316211
Plot 653,Extension 4, Gaborone,25.9207449098869,-24.66585873166049
Plot 654,Extension 4, Gaborone,25.92084574704246,-24.66595931244745
Plot 655,Extension 4, Gaborone,25.92092716185395,-24.66605128426416
Plot 656,Extension 4, Gaborone,25.92105789150502,-24.66625097997827
Plot 657,Extension 4, Gaborone,25.92083050818333,-24.66641408394816
Plot 658,Extension 4, Gaborone,25.92065512645589,-24.66648817745762
Plot 659,Extension 4, Gaborone,25.92044543983408,-24.66653531028361
Plot 660,Extension 4, Gaborone,25.92018270928361,-24.66627173256961
NO_RESULTS,NO_RESULTS, NO_RESULTS,0.0,0.0
Plot 662,Extension 4, Gaborone,25.92008270888808,-24.66615845790053
Plot 663,Extension 4, Gaborone,25.92004649687979,-24.66601851811178
Plot 664,Extension 4, Gaborone,25.91983191139343,-24.6661196224116
Plot 665,Extension 4, Gaborone,25.91996069864415,-24.66616567654825
Plot 666,Extension 4, Gaborone,25.92007258501372,-24.66628324249571
Plot 667,Extension 4, Gaborone,25.92015301900047,-24.66639905318267
Plot 668,Extension 4, Gaborone,25.92030253177693,-24.6665846046464
Plot 669,Extension 4, Gaborone,25.92003726696689,-24.66665392771624
Plot 670,Extension 4, Gaborone,25.91989302905594,-24.66667840959549
Plot 671,Extension 4, Gaborone,25.91971038678871,-24.66667825218176
Plot 672,Extension 4, Gaborone,25.91958205461017,-24.66661803886148
Plot 673,Extension 4, Gaborone,25.92160430408984,-24.66438083365501
Plot 674,Extension 4, Gaborone,25.9211792456879,-24.66526878119933
Plot 675,Extension 4, Gaborone,25.91981283746119,-24.66386417618766
Plot 676,Extension 4, Gaborone,25.92006880329856,-24.66303058805548
Plot 677,Extension 4, Gaborone,25.9216033124352,-24.6634348167533
Plot 678,Extension 4, Gaborone,25.91922581403547,-24.66051078438474
Plot 679,Extension 4, Gaborone,25.9208014840182,-24.66271627694707
Plot 680,Extension 2, Gaborone,25.91201569821872,-24.66130658061995
Plot 680,Extension 2, Gaborone,25.91201569821872,-24.66130658061995
Plot 681,Extension 2, Gaborone,25.91281217571823,-24.65975616977899
Plot 681,Extension 2, Gaborone,25.91281217571823,-24.65975616977899
Plot 682,Extension 2, Gaborone,25.91374773597244,-24.65899572770503
Plot 683,Extension 2, Gaborone,25.9139997869571,-24.65899742478969
Plot 684,Extension 2, Gaborone,25.91423202451714,-24.6589898505895
Plot 685,Extension 2, Gaborone,25.91448209588793,-24.65897931642036
Plot 686,Extension 2, Gaborone,25.91497347556702,-24.65907712117942
Plot 687,Extension 2, Gaborone,25.91496934687591,-24.65931852551513
Plot 688,Extension 2, Gaborone,25.91494980892779,-24.65962962911668
NO_RESULTS,NO_RESULTS, NO_RESULTS,0.0,0.0
NO_RESULTS,NO_RESULTS, NO_RESULTS,0.0,0.0
NO_RESULTS,NO_RESULTS, NO_RESULTS,0.0,0.0
NO_RESULTS,NO_RESULTS, NO_RESULTS,0.0,0.0
Plot 693,Extension 2, Gaborone,25.91333233032703,-24.66045882228787
Plot 694,Extension 2, Gaborone,25.91332547313045,-24.66024929369424
Plot 695,Extension 2, Gaborone,25.913379057362,-24.66008381593089
Plot 696,Extension 2, Gaborone,25.91347101703303,-24.65985081677068
Plot 697,Extension 2, Gaborone,25.91413784609842,-24.65983190720582
Plot 698,Extension 2, Gaborone,25.91416869462417,-24.66013551054641
Plot 699,Extension 2, Gaborone,25.91416923346409,-24.66032961578998
Plot 700,Extension 2, Gaborone,25.91417309352816,-24.66056489063906
Plot 701,Extension 2, Gaborone,25.91412025308565,-24.66077058491547
Plot 702,Extension 2, Gaborone,25.91433942783995,-24.66090321506034
Plot 703,Extension 2, Gaborone,25.91433087405765,-24.66073673951088
Plot 704,Extension 2, Gaborone,25.91427640570925,-24.66052248161542
Plot 705,Extension 2, Gaborone,25.91427597537859,-24.66033058616252
Plot 706,Extension 2, Gaborone,25.91427495531712,-24.66011337418681
Plot 707,Extension 2, Gaborone,25.91427852329251,-24.65985476333608
Plot 708,Extension 2, Gaborone,25.91495446659045,-24.65983316137478
Plot 709,Extension 2, Gaborone,25.91498539061613,-24.66011753441237
Plot 710,Extension 2, Gaborone,25.91498096208295,-24.6603352261096
Plot 711,Extension 2, Gaborone,25.91498723294464,-24.6605270974574
Plot 712,Extension 2, Gaborone,25.91499433856311,-24.66076587557947
Plot 713,Extension 2, Gaborone,25.91492245258036,-24.66105429225901
Plot 714,Extension 2, Gaborone,25.91514836402098,-24.6608736450673
Plot 715,Extension 2, Gaborone,25.91519785862488,-24.66049409871669
Plot 716,Extension 2, Gaborone,25.91569123402705,-24.66049405350173
Plot 717,Extension 2, Gaborone,25.9159390221624,-24.66052553201494
Plot 718,Extension 2, Gaborone,25.91589491483293,-24.6603396070878
Plot 719,Extension 2, Gaborone,25.91557608354502,-24.66036993328533
Plot 720,Extension 2, Gaborone,25.91517874761462,-24.66037067785954
Plot 721,Extension 2, Gaborone,25.91514487317625,-24.66005876491834
Plot 722,Extension 2, Gaborone,25.91517550512642,-24.65977790545706
Plot 723,Extension 2, Gaborone,25.9155725564514,-24.65973352313504
Plot 724,Extension 2, Gaborone,25.91588137177401,-24.65979561310886
Plot 725,Extension 2, Gaborone,25.91587794203664,-24.65959805579097
Plot 726,Extension 2, Gaborone,25.91554263765771,-24.65963900220771
Plot 727,Extension 2, Gaborone,25.91518669854222,-24.65962889242788
Plot 728,Extension 2, Gaborone,25.91514117885697,-24.65930853214362
Plot 729,Extension 2, Gaborone,25.91524258781621,-24.6589783870211
Plot 730,Extension 2, Gaborone,25.91554770952928,-24.6589789844151
Plot 731,Extension 2, Gaborone,25.91586518353535,-24.65897604651661
Plot 732,Extension 2, Gaborone,25.91652246131249,-24.65897702815739
Plot 733,Extension 2, Gaborone,25.9172974075917,-24.65932161128421
Plot 734,Extension 2, Gaborone,25.91679704114073,-24.65963447889979
Plot 735,Extension 2, Gaborone,25.91645474395595,-24.6595862221906
Plot 736,Extension 2, Gaborone,25.91646943743978,-24.65979007775725
Plot 737,Extension 2, Gaborone,25.91678815064628,-24.65973138461256
Plot 738,Extension 2, Gaborone,25.91727861920201,-24.65976680679813
Plot 739,Extension 2, Gaborone,25.91729429741688,-24.6600552649644
Plot 740,Extension 2, Gaborone,25.91727123376078,-24.6603498695363
Plot 741,Extension 2, Gaborone,25.9167874688538,-24.66037871578597
Plot 742,Extension 2, Gaborone,25.91649490606181,-24.66032871213018
Plot 743,Extension 2, Gaborone,25.91649426467626,-24.66052063878939
Plot 744,Extension 2, Gaborone,25.91679332048598,-24.66047887266723
Plot 745,Extension 2, Gaborone,25.91714420435686,-24.66046895534301
Plot 746,Extension 2, Gaborone,25.91730722862646,-24.66084350630126
Plot 747,Extension 2, Gaborone,25.91727150557728,-24.66118154776066
Plot 748,Extension 2, Gaborone,25.9167839840522,-24.66119975996373
Plot 749,Extension 2, Gaborone,25.91650508352146,-24.66110492069884
Plot 750,Extension 2, Gaborone,25.91753161111327,-24.66153884580909
Plot 751,Extension 2, Gaborone,25.91747163376719,-24.66137810431404
Plot 752,Extension 2, Gaborone,25.91747437139847,-24.66117702961705
Plot 753,Extension 2, Gaborone,25.917471180074,-24.66101422615253
Plot 754,Extension 2, Gaborone,25.91747396510673,-24.66085437584874
Plot 755,Extension 2, Gaborone,25.91746499973564,-24.66070287081315
Plot 756,Extension 2, Gaborone,25.91746504594705,-24.66054708637581
Plot 757,Extension 2, Gaborone,25.91746144063768,-24.66028771246241
Plot 758,Extension 2, Gaborone,25.91746162492964,-24.66006771040729
Plot 759,Extension 2, Gaborone,25.91746556730551,-24.65984794254463
Plot 760,Extension 2, Gaborone,25.91745153511692,-24.65960889855516
Plot 761,Extension 2, Gaborone,25.91746271272268,-24.65936369344272
Plot 762,Extension 2, Gaborone,25.91749561232652,-24.65899495858948
Plot 763,Extension 2, Gaborone,25.91778824976103,-24.65897283365115
Plot 764,Extension 2, Gaborone,25.91812304699496,-24.65931990821576
Plot 765,Extension 2, Gaborone,25.91807318894743,-24.65939532622003
Plot 766,Extension 2, Gaborone,25.91814769293657,-24.65958372202205
Plot 767,Extension 2, Gaborone,25.91814333114854,-24.65982538009729
Plot 768,Extension 2, Gaborone,25.91814727452327,-24.66006739272983
Plot 769,Extension 2, Gaborone,25.91814711844208,-24.66030521981809
Plot 770,Extension 2, Gaborone,25.9181523209306,-24.66053317461885
Plot 771,Extension 2, Gaborone,25.91814902471558,-24.66069643855786
Plot 772,Extension 2, Gaborone,25.91815204169323,-24.66086564818076
Plot 773,Extension 2, Gaborone,25.91815201995535,-24.66100624594757
Plot 774,Extension 2, Gaborone,25.9181583045955,-24.66117267736631
Plot 775,Extension 2, Gaborone,25.91813618164028,-24.66142513048377
Plot 776,Extension 2, Gaborone,25.91809831656818,-24.66152830907918
Plot 777,Extension 2, Gaborone,25.9183255922885,-24.66153421409823
Plot 778,Extension 2, Gaborone,25.9182529608413,-24.66139672084512
Plot 779,Extension 2, Gaborone,25.9182561484204,-24.66120153066472
Plot 780,Extension 2, Gaborone,25.91825617075014,-24.66105513260543
Plot 781,Extension 2, Gaborone,25.91824988287368,-24.6608771566598
Plot 782,Extension 2, Gaborone,25.91824991157035,-24.66072789865429
Plot 783,Extension 2, Gaborone,25.9182689367548,-24.66052431542766
Plot 784,Extension 2, Gaborone,25.91894335553708,-24.66052619691528
Plot 785,Extension 2, Gaborone,25.91896461840121,-24.6607378928066
Plot 786,Extension 2, Gaborone,25.91896724013771,-24.66088006907559
Plot 787,Extension 2, Gaborone,25.91896685965303,-24.6610434901424
Plot 788,Extension 2, Gaborone,25.91896646733695,-24.66121202755241
Plot 789,Extension 2, Gaborone,25.91896901415001,-24.66138298933393
Plot 790,Extension 2, Gaborone,25.91896867080842,-24.66152970784331
Plot 791,Extension 2, Gaborone,25.91825114775628,-24.6602417855956
Plot 792,Extension 2, Gaborone,25.91824295557095,-24.66000692399778
Plot 793,Extension 2, Gaborone,25.91824307897532,-24.6597913163664
Plot 794,Extension 2, Gaborone,25.91824322588768,-24.65953447135095
Plot 795,Extension 2, Gaborone,25.91831397191364,-24.6593534296863
Plot 796,Extension 2, Gaborone,25.91895645767663,-24.65954824486706
Plot 797,Extension 2, Gaborone,25.91895265250715,-24.65978334963405
Plot 798,Extension 2, Gaborone,25.91895304179291,-24.66002638883897
Plot 799,Extension 2, Gaborone,25.91896166595898,-24.66026970854401
Plot 800,Extension 2, Gaborone,25.91896412748536,-24.66195282272649
Plot 801,Extension 2, Gaborone,25.91896769255829,-24.66210322666806
Plot 802,Extension 2, Gaborone,25.91897477509473,-24.66227208648751
Plot 803,Extension 2, Gaborone,25.91896968561827,-24.66242563877282
Plot 804,Extension 2, Gaborone,25.91897042201144,-24.6625976612746
Plot 805,Extension 2, Gaborone,25.91897108165082,-24.66275166326452
Plot 806,Extension 2, Gaborone,25.91895682521909,-24.66294193773583
Plot 807,Extension 2, Gaborone,25.91829093678783,-24.66295065249631
Plot 808,Extension 2, Gaborone,25.91827071605304,-24.66275784511047
Plot 809,Extension 2, Gaborone,25.91826499849418,-24.66260976337595
Plot 810,Extension 2, Gaborone,25.91826785685497,-24.66244349639866
Plot 811,Extension 2, Gaborone,25.91826785681842,-24.66229801303549
Plot 812,Extension 2, Gaborone,25.91825912065894,-24.66210064128987
Plot 813,Extension 2, Gaborone,25.91832461468243,-24.66194764177164
Plot 814,Extension 2, Gaborone,25.91809906830964,-24.66193730357677
Plot 815,Extension 2, Gaborone,25.9181562537849,-24.66206691175744
Plot 816,Extension 2, Gaborone,25.91816208568524,-24.66227982761565
Plot 817,Extension 2, Gaborone,25.91816208556448,-24.66244349639056
Plot 818,Extension 2, Gaborone,25.91816494427209,-24.66260196947375
Plot 819,Extension 2, Gaborone,25.91816494429857,-24.66276044290195
Plot 820,Extension 2, Gaborone,25.9181306448896,-24.66296051460483
Plot 821,Extension 2, Gaborone,25.91743490337287,-24.66275929700636
Plot 822,Extension 2, Gaborone,25.91743776207495,-24.66235526388612
Plot 823,Extension 2, Gaborone,25.91747163155835,-24.66208332470826
Plot 824,Extension 2, Gaborone,25.91754269464646,-24.66196169710342
Plot 825,Extension 2, Gaborone,25.9173184544412,-24.66203064748531
Plot 826,Extension 2, Gaborone,25.91731178909373,-24.66218420924093
Plot 827,Extension 2, Gaborone,25.91732354579468,-24.66240173068313
Plot 828,Extension 2, Gaborone,25.91732069060672,-24.66260881889313
Plot 829,Extension 2, Gaborone,25.91699560422254,-24.66319500017343
Plot 830,Extension 2, Gaborone,25.91716606040722,-24.66332942449546
Plot 831,Extension 2, Gaborone,25.91726914866156,-24.66351161525495
Plot 832,Extension 2, Gaborone,25.91732784858622,-24.66364095965159
Plot 833,Extension 2, Gaborone,25.91745285658134,-24.66362517214163
Plot 834,Extension 2, Gaborone,25.91749518969485,-24.66356641971954
Plot 835,Extension 2, Gaborone,25.91749334972318,-24.66346408858398
Plot 836,Extension 2, Gaborone,25.91743473478821,-24.66332775118394
Plot 837,Extension 2, Gaborone,25.91744967045993,-24.66316471154
Plot 838,Extension 2, Gaborone,25.91815017485136,-24.66315612604677
Plot 839,Extension 2, Gaborone,25.91817019322071,-24.6633301894239
Plot 840,Extension 2, Gaborone,25.91817019312358,-24.66347050755949
Plot 841,Extension 2, Gaborone,25.91817019285234,-24.66360303008788
Plot 842,Extension 2, Gaborone,25.91808157182648,-24.6637406405999
Plot 843,Extension 2, Gaborone,25.91799307768759,-24.66385207261807
Plot 844,Extension 2, Gaborone,25.91801590143248,-24.66391442574988
NO_RESULTS,NO_RESULTS, NO_RESULTS,0.0,0.0
Plot 846,Extension 2, Gaborone,25.91811014780267,-24.66398227176989
Plot 847,Extension 2, Gaborone,25.91817877361832,-24.6639538411656
Plot 848,Extension 2, Gaborone,25.918244579576,-24.6638967740407
Plot 849,Extension 2, Gaborone,25.91827320273884,-24.66379283103757
Plot 850,Extension 2, Gaborone,25.91828179106411,-24.66363685378632
Plot 851,Extension 2, Gaborone,25.91827320230715,-24.66349126842548
Plot 852,Extension 2, Gaborone,25.91827320245811,-24.66334308673426
Plot 853,Extension 2, Gaborone,25.91829896946549,-24.66315586469109
Plot 854,Extension 2, Gaborone,25.91896177295183,-24.66317321043671
Plot 855,Extension 2, Gaborone,25.91893596655737,-24.66333216913688
Plot 856,Extension 2, Gaborone,25.91891589520856,-24.663488521577
Plot 857,Extension 2, Gaborone,25.9188786189095,-24.66365269179368
Plot 858,Extension 2, Gaborone,25.91882700550465,-24.66383510306564
Plot 859,Extension 2, Gaborone,25.91874708703926,-24.66401453419439
Plot 860,Extension 2, Gaborone,25.9186665977577,-24.66418637620519
Plot 861,Extension 2, Gaborone,25.91858903731689,-24.66433727425309
Plot 862,Extension 2, Gaborone,25.91850292149596,-24.66446462522164
Plot 863,Extension 2, Gaborone,25.91839680266664,-24.66462823331388
Plot 864,Extension 2, Gaborone,25.91815342282102,-24.66487672580005
Plot 865,Extension 2, Gaborone,25.91797615218675,-24.66476212813002
Plot 866,Extension 2, Gaborone,25.91784223470047,-24.66465377398506
Plot 867,Extension 2, Gaborone,25.9177458875619,-24.66457145354597
Plot 868,Extension 2, Gaborone,25.917629223012,-24.66448275964326
Plot 869,Extension 2, Gaborone,25.9175179467136,-24.66438962467855
Plot 870,Extension 2, Gaborone,25.91740943553016,-24.66429659034358
Plot 871,Extension 2, Gaborone,25.91730825559435,-24.66421212673314
Plot 872,Extension 2, Gaborone,25.91719654066202,-24.66411611431669
Plot 873,Extension 2, Gaborone,25.91706066704331,-24.66401921734353
Plot 874,Extension 2, Gaborone,25.91696178596945,-24.66392998507421
Plot 875,Extension 2, Gaborone,25.91666552134657,-24.66368931360188
Plot 876,Extension 2, Gaborone,25.9179968023284,-24.66506524214707
Plot 877,Extension 2, Gaborone,25.91788535557038,-24.66517990593089
Plot 878,Extension 2, Gaborone,25.91777669630875,-24.66528939565202
Plot 879,Extension 2, Gaborone,25.9176953451002,-24.66537684278529
Plot 880,Extension 2, Gaborone,25.91759776279391,-24.66547621374515
Plot 881,Extension 2, Gaborone,25.91748106928561,-24.66558080163904
Plot 882,Extension 2, Gaborone,25.91738629390069,-24.66567743955342
Plot 883,Extension 2, Gaborone,25.91727448923161,-24.66579267655425
Plot 884,Extension 2, Gaborone,25.91718225243656,-24.66588407326231
Plot 885,Extension 2, Gaborone,25.91707901270506,-24.66598832516079
Plot 886,Extension 2, Gaborone,25.91688468965657,-24.66612928931125
Plot 887,Extension 2, Gaborone,25.91659163299633,-24.66594602667269
Plot 888,Extension 2, Gaborone,25.91646407865682,-24.66585491649406
Plot 889,Extension 2, Gaborone,25.91636284731089,-24.66575475047652
Plot 890,Extension 2, Gaborone,25.916238367343,-24.66567455921286
Plot 891,Extension 2, Gaborone,25.9161328344178,-24.66557484996857
Plot 892,Extension 2, Gaborone,25.91603710831094,-24.66549453085201
Plot 893,Extension 2, Gaborone,25.91591255294838,-24.66539962578163
Plot 894,Extension 2, Gaborone,25.91579042836163,-24.66530047028762
Plot 895,Extension 2, Gaborone,25.9156946823395,-24.66521818370984
Plot 896,Extension 2, Gaborone,25.91557275231379,-24.66511583222745
Plot 897,Extension 2, Gaborone,25.91547223732132,-24.6650250677695
Plot 898,Extension 2, Gaborone,25.91535025610471,-24.66493673106911
Plot 899,Extension 2, Gaborone,25.9152404351755,-24.66483983712827
Plot 900,Extension 2, Gaborone,25.91558924211587,-24.66443673807276
Plot 901,Extension 2, Gaborone,25.91574346884694,-24.66453587923201
Plot 902,Extension 2, Gaborone,25.91585941732791,-24.66463055367304
Plot 903,Extension 2, Gaborone,25.91596977570016,-24.66471788172257
Plot 904,Extension 2, Gaborone,25.91608283904492,-24.66480760220691
Plot 905,Extension 2, Gaborone,25.91616413463062,-24.66494726669039
NO_RESULTS,NO_RESULTS, NO_RESULTS,0.0,0.0
Plot 907,Extension 2, Gaborone,25.9163340641977,-24.66491507285241
Plot 908,Extension 2, Gaborone,25.91677796448233,-24.6652412735033
Plot 909,Extension 2, Gaborone,25.91680878927703,-24.66529599988215
Plot 910,Extension 2, Gaborone,25.91689441028935,-24.66532993965276
Plot 911,Extension 2, Gaborone,25.91696276892614,-24.66529633234573
Plot 912,Extension 2, Gaborone,25.91699732190316,-24.66520300744358
Plot 913,Extension 2, Gaborone,25.91710562299468,-24.66507867091881
Plot 914,Extension 2, Gaborone,25.91720331041872,-24.66498963902036
Plot 915,Extension 2, Gaborone,25.91731429546766,-24.66488286803972
Plot 916,Extension 2, Gaborone,25.91741423302548,-24.66477377606025
Plot 917,Extension 2, Gaborone,25.9175609470897,-24.66466113453059
Plot 918,Extension 2, Gaborone,25.91744110751714,-24.66458106953374
Plot 919,Extension 2, Gaborone,25.91732518521374,-24.66471531632536
Plot 920,Extension 2, Gaborone,25.91723334718742,-24.66481171313267
Plot 921,Extension 2, Gaborone,25.91712789388509,-24.66491582556753
Plot 922,Extension 2, Gaborone,25.91703068380568,-24.66502479446815
Plot 923,Extension 2, Gaborone,25.91688371289985,-24.66512704066698
Plot 924,Extension 2, Gaborone,25.91680997046412,-24.66515816267257
Plot 925,Extension 2, Gaborone,25.91636804649954,-24.66483791386289
Plot 926,Extension 2, Gaborone,25.91631556067181,-24.6647941862882
Plot 927,Extension 2, Gaborone,25.9161983092706,-24.66476384387437
Plot 928,Extension 2, Gaborone,25.91604214281158,-24.6646502724744
Plot 929,Extension 2, Gaborone,25.91593438907378,-24.66455309972809
Plot 930,Extension 2, Gaborone,25.9158184991108,-24.66446094908753
Plot 931,Extension 2, Gaborone,25.91569665437308,-24.66433190464741
Plot 932,Extension 2, Gaborone,25.91604857937382,-24.66396855844849
Plot 933,Extension 2, Gaborone,25.91619683860379,-24.66406008172029
Plot 934,Extension 2, Gaborone,25.9163262090285,-24.66415684854528
Plot 935,Extension 2, Gaborone,25.91643096547304,-24.66424168617041
Plot 936,Extension 2, Gaborone,25.91654144664608,-24.66434612224321
Plot 937,Extension 2, Gaborone,25.91664597588706,-24.66442098332775
Plot 938,Extension 2, Gaborone,25.91672231949587,-24.66442973830024
Plot 939,Extension 2, Gaborone,25.916776010815,-24.66438937640369
Plot 940,Extension 2, Gaborone,25.91685623583911,-24.66431152924335
Plot 941,Extension 2, Gaborone,25.91699866157074,-24.66420782869716
Plot 942,Extension 2, Gaborone,25.91503996742228,-24.66466191119513
Plot 943,Extension 2, Gaborone,25.91489849194563,-24.66455240136624
Plot 944,Extension 2, Gaborone,25.91476258575147,-24.66445563889492
Plot 945,Extension 2, Gaborone,25.91466707565018,-24.66436619109923
Plot 946,Extension 2, Gaborone,25.91453692505138,-24.66426427630898
Plot 947,Extension 2, Gaborone,25.91442562305694,-24.66417651076422
Plot 948,Extension 2, Gaborone,25.9143272067241,-24.66408970998565
Plot 949,Extension 2, Gaborone,25.91422026056783,-24.66400051069157
Plot 950,Extension 2, Gaborone,25.9141133014118,-24.66390361138463
Plot 951,Extension 2, Gaborone,25.91394191816161,-24.66376520647749
Plot 952,Extension 2, Gaborone,25.91383748893302,-24.66367667241601
Plot 953,Extension 2, Gaborone,25.9137213154905,-24.66359404274169
Plot 954,Extension 2, Gaborone,25.91361743639695,-24.66350776311006
Plot 955,Extension 2, Gaborone,25.91349535149372,-24.66340365623712
Plot 956,Extension 2, Gaborone,25.91337869961137,-24.66330285847494
Plot 957,Extension 2, Gaborone,25.91325386469678,-24.6632147962375
Plot 958,Extension 2, Gaborone,25.91314273505627,-24.66311728509944
Plot 959,Extension 2, Gaborone,25.9130325994734,-24.66302385184825
Plot 960,Extension 2, Gaborone,25.91291363354351,-24.66292627294306
Plot 961,Extension 2, Gaborone,25.91280517126911,-24.66283267696564
Plot 962,Extension 2, Gaborone,25.91269076498208,-24.66274466174861
Plot 963,Extension 2, Gaborone,25.91255308371787,-24.66259474092627
Plot 964,Extension 2, Gaborone,25.91290922303969,-24.66222343801024
Plot 965,Extension 2, Gaborone,25.91308152828178,-24.66234265644889
Plot 966,Extension 2, Gaborone,25.91319606244298,-24.662437684032
Plot 967,Extension 2, Gaborone,25.91331471369188,-24.66252491161582
Plot 968,Extension 2, Gaborone,25.91342293262282,-24.66262390148243
Plot 969,Extension 2, Gaborone,25.91353296638896,-24.6627054530228
Plot 970,Extension 2, Gaborone,25.91364756949545,-24.66280434735446
Plot 971,Extension 2, Gaborone,25.913770713578,-24.66290710351911
Plot 972,Extension 2, Gaborone,25.91388730627881,-24.66299823009532
Plot 973,Extension 2, Gaborone,25.91401946540569,-24.66312767617726
NO_RESULTS,NO_RESULTS, NO_RESULTS,0.0,0.0
Plot 975,Game City, Gaborone,25.87974850015557,-24.68884305363986
Plot 976,Extension 2, Gaborone,25.91415626769922,-24.66325427783669
Plot 977,Extension 2, Gaborone,25.91425461053584,-24.66315761409558
Plot 978,Extension 2, Gaborone,25.91425803179094,-24.6631148565072
Plot 979,Extension 2, Gaborone,25.91420162614642,-24.66306331338069
Plot 980,Extension 2, Gaborone,25.91410101560037,-24.6630376624708
Plot 981,Extension 2, Gaborone,25.91396075609022,-24.66293704678293
Plot 982,Extension 2, Gaborone,25.91384182674567,-24.66283434781465
Plot 983,Extension 2, Gaborone,25.91372087348572,-24.66273748241775
Plot 984,Extension 2, Gaborone,25.91360637470551,-24.66264439030511
Plot 985,Extension 2, Gaborone,25.91348971301781,-24.6625493955169
Plot 986,Extension 2, Gaborone,25.91338819196215,-24.66246771759471
Plot 987,Extension 2, Gaborone,25.91327355389689,-24.6623668885232
Plot 988,Extension 2, Gaborone,25.9131568572082,-24.66226995905127
Plot 989,Extension 2, Gaborone,25.91301661467034,-24.66213314860145
Plot 990,Extension 2, Gaborone,25.91336538571068,-24.66176360892386
Plot 991,Extension 2, Gaborone,25.9135388381439,-24.66186701901459
Plot 992,Extension 2, Gaborone,25.91365051869887,-24.66195583251023
Plot 993,Extension 2, Gaborone,25.91377305948686,-24.66205229300406
Plot 994,Extension 2, Gaborone,25.91387869615779,-24.6621471872126
Plot 995,Extension 2, Gaborone,25.91400354457256,-24.66223804074723
Plot 996,Extension 2, Gaborone,25.91411806079736,-24.66233305779779
Plot 997,Extension 2, Gaborone,25.91422621027438,-24.66242817846927
Plot 998,Extension 2, Gaborone,25.91435155932753,-24.66253271651326
Plot 999,Extension 2, Gaborone,25.91446400018788,-24.66262970786822
